depth,lag_days,n,pearson_r,pearson_p,spearman_rho,spearman_p,saturation_proxy_pct
20in,0,2676,-0.128,2.998723308029293e-11,0.0664,0.0005865894784782304,46.9
20in,3,2673,-0.143,1.0838634958182112e-13,0.0333,0.08553092300333134,46.9
20in,6,2670,-0.1586,1.686592290379452e-16,-0.0014,0.9412021800743706,46.9
20in,9,2667,-0.1748,9.80291992790108e-20,-0.0377,0.05185169574306575,46.9
20in,12,2664,-0.1915,2.0243564838510152e-23,-0.0753,9.911393984156983e-05,46.9
20in,15,2661,-0.2086,1.5142076185644513e-27,-0.1129,5.183649984409057e-09,46.9
20in,18,2658,-0.2257,4.774445229062732e-32,-0.1485,1.4283009562947252e-14,46.9
20in,21,2655,-0.2429,5.848104419145923e-37,-0.1829,2.1310312023169143e-21,46.9
20in,24,2652,-0.26,3.086968152463249e-42,-0.2156,2.9878532743723047e-29,46.9
20in,27,2649,-0.2772,6.278564160716823e-48,-0.2466,5.27115889352434e-38,46.9
20in,30,2646,-0.2943,5.2136509288472295e-54,-0.2765,1.1845688884548975e-47,46.9
20in,33,2643,-0.3109,2.5684003423099423e-60,-0.3048,6.026518867233295e-58,46.9
20in,36,2640,-0.3269,8.490813213205151e-67,-0.3303,3.012347344094284e-68,46.9
20in,39,2637,-0.3422,2.4545880938716254e-73,-0.354,1.1098874090520788e-78,46.9
20in,42,2634,-0.3566,8.188702154298685e-80,-0.3752,8.090276263763933e-89,46.9
20in,45,2631,-0.3695,6.716615876103309e-86,-0.3936,3.249516652643533e-98,46.9
20in,48,2628,-0.3807,2.1676064738953241e-91,-0.4095,8.142138797139736e-107,46.9
20in,51,2625,-0.3902,3.288933464259051e-96,-0.4227,2.6942076220564806e-114,46.9
20in,54,2622,-0.3984,1.8293960150205356e-100,-0.4333,1.6836803818301558e-120,46.9
20in,57,2619,-0.4053,3.839777169331596e-104,-0.4419,1.2286414927265233e-125,46.9
20in,60,2616,-0.4111,3.004559184354857e-107,-0.4482,1.8597394165630636e-129,46.9
20in,63,2613,-0.4158,9.287513310317087e-110,-0.4531,1.8355894909838696e-132,46.9
20in,66,2610,-0.4193,1.22072951591534e-111,-0.4576,2.848760983177749e-135,46.9
20in,69,2607,-0.4214,9.971000016628274e-113,-0.4618,7.215109998290175e-138,46.9
20in,72,2604,-0.4219,6.853622709592851e-113,-0.4645,1.5150949192605913e-139,46.9
20in,75,2601,-0.4203,7.521775038979539e-112,-0.4665,1.1076446395908808e-140,46.9
20in,78,2598,-0.4172,5.841978484909279e-110,-0.4674,3.905300928581404e-141,46.9
20in,81,2595,-0.4127,2.863173479458193e-107,-0.4675,4.855139381690317e-141,46.9
20in,84,2592,-0.4066,9.237786309915764e-104,-0.4672,1.0895100783794504e-140,46.9
20in,87,2589,-0.399,1.5235078787038032e-99,-0.4656,1.9302286277911717e-139,46.9
20in,90,2586,-0.3901,9.97278333651217e-95,-0.4631,1.1901303430297952e-137,46.9
20in,93,2583,-0.3793,3.4933146384556295e-89,-0.4588,1.1622000377109202e-134,46.9
20in,96,2580,-0.3667,6.086755093228892e-83,-0.4542,1.6231312594765087e-131,46.9
20in,99,2577,-0.353,1.745712071197508e-76,-0.4477,3.0441573838288058e-127,46.9
20in,102,2574,-0.3385,4.764928703358093e-70,-0.4413,4.0664341471802935e-123,46.9
20in,105,2571,-0.3234,1.1046928095701016e-63,-0.4358,1.2249549037824184e-119,46.9
20in,108,2568,-0.3085,9.33437318321811e-58,-0.4306,1.8738240666110767e-116,46.9
20in,111,2565,-0.2947,1.4212637075425924e-52,-0.4264,7.74633211988886e-114,46.9
20in,114,2562,-0.2818,5.633944249640802e-48,-0.4225,1.902795592793696e-111,46.9
20in,117,2559,-0.2697,6.966949327885141e-44,-0.419,2.275656934824723e-109,46.9
20in,120,2556,-0.2578,4.2568089264658245e-40,-0.4148,6.907833564477756e-107,46.9
2in,0,2261,-0.2712,1.9986173514733247e-39,-0.1526,3.0141935732048665e-13,41.4
2in,3,2258,-0.2763,7.652531422336752e-41,-0.1874,2.7597664815266954e-19,41.4
2in,6,2255,-0.284,4.293606160999154e-43,-0.2235,6.4334258303348166e-27,41.4
2in,9,2252,-0.2935,5.683856117636686e-46,-0.2594,6.029831433795949e-36,41.4
2in,12,2249,-0.3041,2.4444060567988324e-49,-0.2946,2.930128909054589e-46,41.4
2in,15,2246,-0.3159,3.267968409541459e-53,-0.3319,6.929273755494709e-59,41.4
2in,18,2243,-0.3281,1.9399941001861327e-57,-0.3628,9.377113141932705e-71,41.4
2in,21,2240,-0.3403,7.797557440481603e-62,-0.3892,6.448859617188051e-82,41.4
2in,24,2237,-0.3512,6.371842135121499e-66,-0.4115,3.759045571873653e-92,41.4
2in,27,2234,-0.3597,3.352140248016776e-69,-0.4267,1.5228148906823212e-99,41.4
2in,30,2231,-0.3645,4.459961068336066e-71,-0.4388,1.2309958264116554e-105,41.4
2in,33,2228,-0.3653,2.756821013003756e-71,-0.4458,2.961318740766994e-109,41.4
2in,36,2225,-0.3627,3.8179022489801705e-70,-0.4477,3.8346768348587144e-110,41.4
2in,39,2222,-0.3569,9.519303519574884e-68,-0.4467,1.955673912681353e-109,41.4
2in,42,2219,-0.3493,1.0810520331372391e-64,-0.442,9.005524775813283e-107,41.4
2in,45,2216,-0.3399,4.6403097279892134e-61,-0.4329,6.945484827324219e-102,41.4
2in,48,2213,-0.3282,9.604151605273711e-57,-0.4203,1.8479812393414764e-95,41.4
2in,51,2210,-0.3141,8.679307426035804e-52,-0.4072,4.8745074639939426e-89,41.4
2in,54,2207,-0.2958,8.141178081291157e-46,-0.3927,2.6779259733772324e-82,41.4
2in,57,2204,-0.2739,3.206613539767307e-39,-0.3772,1.8476390341197219e-75,41.4
2in,60,2201,-0.25,1.0591149586386603e-32,-0.3602,1.9785807900365716e-68,41.4
2in,63,2198,-0.2252,1.1429774906420557e-26,-0.3409,5.877723570072141e-61,41.4
2in,66,2195,-0.2001,2.8885096200560958e-21,-0.3243,6.2362591301152716e-55,41.4
2in,69,2192,-0.1757,1.1950837266917126e-16,-0.3088,1.2457734781714122e-49,41.4
2in,72,2189,-0.1509,1.2634039901393507e-12,-0.2914,4.224949664455592e-44,41.4
2in,75,2186,-0.1251,4.3978932243233044e-09,-0.2753,2.4981571879660113e-39,41.4
2in,78,2183,-0.0995,3.2164700314953833e-06,-0.2604,3.690098394430507e-35,41.4
2in,81,2180,-0.0732,0.0006244201626728644,-0.2451,3.404867212812432e-31,41.4
2in,84,2177,-0.0468,0.029029907655571657,-0.2284,3.64059011238151e-27,41.4
2in,87,2174,-0.0202,0.3468556161675155,-0.2093,6.129610625589502e-23,41.4
2in,90,2171,0.0061,0.7775330601992934,-0.19,4.3357398766478495e-19,41.4
2in,93,2168,0.0311,0.14741511394220547,-0.1705,1.29983055360147e-15,41.4
2in,96,2165,0.0546,0.011084256641971164,-0.1515,1.369289201719666e-12,41.4
2in,99,2162,0.0747,0.0005126108786185437,-0.1347,3.1923355036316355e-10,41.4
2in,102,2159,0.0915,2.0433317234395537e-05,-0.1214,1.541984567013803e-08,41.4
2in,105,2156,0.1056,8.901007035112962e-07,-0.1112,2.2682019885717685e-07,41.4
2in,108,2153,0.1162,6.342655473500428e-08,-0.105,1.0456860009416756e-06,41.4
2in,111,2150,0.1247,6.665462645832625e-09,-0.1004,3.125173341866321e-06,41.4
2in,114,2148,0.1314,9.663629174654356e-10,-0.097,6.694558973286077e-06,41.4
2in,117,2145,0.1364,2.275092456603139e-10,-0.0945,1.1776497239499238e-05,41.4
2in,120,2144,0.1386,1.1533504575279809e-10,-0.092,1.9992678279100777e-05,41.4
8in,0,2807,-0.2249,1.580856569306798e-33,-0.1197,1.9654536822023027e-10,42.6
8in,3,2804,-0.2409,2.6200756996465715e-38,-0.1589,2.5663869414929138e-17,42.6
8in,6,2801,-0.2579,8.416013696523897e-44,-0.1967,7.695785454031669e-26,42.6
8in,9,2798,-0.2758,5.035221065380024e-50,-0.233,8.075281615852679e-36,42.6
8in,12,2795,-0.2941,6.713800168855701e-57,-0.2692,1.357934413040601e-47,42.6
8in,15,2792,-0.3125,2.5696216544620928e-64,-0.3044,5.981971900770473e-61,42.6
8in,18,2789,-0.3305,4.448874439442024e-72,-0.3385,1.0312186503125068e-75,42.6
8in,21,2786,-0.348,4.0480711958423995e-80,-0.3696,6.925095432890638e-91,42.6
8in,24,2783,-0.3647,2.532166295275589e-88,-0.3962,2.8644201470867938e-105,42.6
8in,27,2780,-0.3801,3.0821785078031265e-96,-0.4176,8.499413301462443e-118,42.6
8in,30,2777,-0.3932,2.5393649390564463e-103,-0.4363,1.8885376293898318e-129,42.6
8in,33,2774,-0.4036,3.380887766362587e-109,-0.4519,1.0924523120196065e-139,42.6
8in,36,2771,-0.4115,1.0075819594741209e-113,-0.4637,9.194648901152411e-148,42.6
8in,39,2768,-0.4172,4.9454947099883864e-117,-0.4736,9.147460506662488e-155,42.6
8in,42,2765,-0.4209,3.8363473898230723e-119,-0.4793,7.947354271455287e-159,42.6
8in,45,2762,-0.4226,4.7234785063539105e-120,-0.482,1.1900460626690638e-160,42.6
8in,48,2759,-0.4219,1.6067208266312408e-119,-0.4814,4.614431397839937e-160,42.6
8in,51,2756,-0.419,1.2226584510416443e-117,-0.4789,5.34874058145692e-158,42.6
8in,54,2753,-0.4134,3.85890637944738e-114,-0.4757,1.6851298113851972e-155,42.6
8in,57,2750,-0.4055,2.4682942472975944e-109,-0.4703,2.251451858411443e-151,42.6
8in,60,2747,-0.3957,1.1675550495188737e-103,-0.4633,3.343293338786157e-146,42.6
8in,63,2744,-0.3847,1.8064378824942557e-97,-0.4552,1.9544214734657887e-140,42.6
8in,66,2741,-0.3725,5.591513943462394e-91,-0.448,2.093606482850484e-135,42.6
8in,69,2738,-0.3596,2.2784831820241453e-84,-0.4405,2.4314250424816306e-130,42.6
8in,72,2735,-0.3452,2.1972889744994175e-77,-0.4313,2.703914038673876e-124,42.6
8in,75,2732,-0.3293,4.0534789505180604e-70,-0.422,1.880019245991908e-118,42.6
8in,78,2729,-0.3126,6.515713739785191e-63,-0.4127,9.577497008324942e-113,42.6
8in,81,2726,-0.2947,9.470736923252693e-56,-0.4027,8.414372846534333e-107,42.6
8in,84,2723,-0.2762,7.4541478595345e-49,-0.3924,6.443757949215973e-101,42.6
8in,87,2720,-0.2565,4.1815264998411845e-42,-0.381,1.1245305613909576e-94,42.6
8in,90,2717,-0.2358,1.2158095568985959e-35,-0.3682,5.061790929705812e-88,42.6
8in,93,2714,-0.2141,1.69113773794222e-29,-0.3541,5.44987951949876e-81,42.6
8in,96,2711,-0.192,6.199352544937734e-24,-0.3394,4.7807901858562424e-74,42.6
8in,99,2708,-0.1702,4.63631094118479e-19,-0.3244,2.212626810840829e-67,42.6
8in,102,2705,-0.149,6.627693614791784e-15,-0.3101,2.179269815340528e-61,42.6
8in,105,2702,-0.1285,2.001352108134883e-11,-0.2967,4.745680866409815e-56,42.6
8in,108,2699,-0.1094,1.2011465804084287e-08,-0.2855,8.899367193751608e-52,42.6
8in,111,2696,-0.0917,1.8624206348423601e-06,-0.2757,3.2166312085220744e-48,42.6
8in,114,2693,-0.076,7.942438452371513e-05,-0.267,3.373993903713014e-45,42.6
8in,117,2690,-0.0624,0.0011984186042860866,-0.2595,1.1738891638266842e-42,42.6
8in,120,2687,-0.0508,0.008390131889237033,-0.252,3.348317432819326e-40,42.6
