id,name,category,group,lat,lon,watershed,mlra_name,elevation_m,slope_deg,aspect_deg,nlcd_class,cdl_class,soil_map_unit,ecological_site,soil_taxonomy,parent_material,temp_regime,moisture_regime,ph,organic_matter_pct,cec,sand_pct,silt_pct,clay_pct,dist_to_town_km,dist_to_road_km,dist_to_forest_boundary_km
kmeans-Williams_Fork-1,K-Means site 1 — Williams Fork,kmeans,Williams Fork,40.3799351574,-107.5253199842,Williams Fork,Southern Rocky Mountains,2222.6,14.2,297.3,Deciduous Forest,Deciduous Forest,"Foidel loam, 25 to 65 percent slopes",Brushy Loam,"Fine-loamy, mixed Cryic Pachic Paleborolls",loess and colluvium derived from fine grained sandstone and shale,cryic,,6.4,30.67,31.7,41.4,37.1,21.5,13.9,1.2,14.4
kmeans-Williams_Fork-2,K-Means site 2 — Williams Fork,kmeans,Williams Fork,40.3779470836,-107.5044956777,Williams Fork,Southern Rocky Mountains,2125.8,29.1,298.8,Evergreen Forest,Deciduous Forest,"Flygare loam, dry, 25 to 65 percent slopes",Brushy Loam,"Loamy-skeletal, mixed Cryic Pachic Paleborolls",colluvium derived from sandstone and shale,cryic,,6.8,19.8,24.0,39.8,37.7,22.5,14.6,1.1,14.2
kmeans-Williams_Fork-3,K-Means site 3 — Williams Fork,kmeans,Williams Fork,40.3749728242,-107.5177926129,Williams Fork,Southern Rocky Mountains,2115.6,30.4,157.8,Shrub/Scrub,Shrubland,"Torriorthents-Rock outcrop, sandstone complex, 25 to 75 percent slopes",Loamy Breaks,"Coarse-loamy, mixed, superactive, calcareous, frigid Ustic Torriorthents",colluvium derived from sandstone and/or residuum weathered from sandstone,frigid,Aridic (torric),7.8,0.77,10.0,68.3,19.7,12.0,14.6,0.6,13.9
kmeans-Williams_Fork-4,K-Means site 4 — Williams Fork,kmeans,Williams Fork,40.3295123785,-107.6082925367,Williams Fork,Southern Rocky Mountains,2154.2,13.0,88.7,Shrub/Scrub,Shrubland,"Hesperus loam, 15 to 50 percent slopes",Brushy Loam,"Fine-loamy, mixed Pachic Argiborolls",residuum derived from sandstone,frigid,,7.0,2.5,12.5,41.4,37.1,21.5,19.3,0.4,10.0
kmeans-Williams_Fork-5,K-Means site 5 — Williams Fork,kmeans,Williams Fork,40.3275888884,-107.6177881227,Williams Fork,Southern Rocky Mountains,2052.4,12.1,235.5,Shrub/Scrub,Shrubland,"Torriorthents-Rock outcrop, sandstone complex, 25 to 75 percent slopes",Loamy Breaks,"Coarse-loamy, mixed, superactive, calcareous, frigid Ustic Torriorthents",colluvium derived from sandstone and/or residuum weathered from sandstone,frigid,Aridic (torric),7.8,0.77,10.0,68.3,19.7,12.0,19.6,1.2,10.3
clhs-Williams_Fork-1,cLHS site 1 — Williams Fork,clhs,Williams Fork,40.3745496943,-107.6030068193,Williams Fork,Southern Rocky Mountains,2099.9,15.7,281.1,Deciduous Forest,Deciduous Forest,"Danavore-Waybe complex, 5 to 30 percent slopes",Dry Exposure,"Loamy-skeletal, mixed (calcareous) Typic Cryorthents",residuum derived from interbedded sandstone and shale,cryic,Udic,7.1,0.75,10.8,65.2,17.5,17.3,14.3,0.5,14.5
clhs-Williams_Fork-2,cLHS site 2 — Williams Fork,clhs,Williams Fork,40.3317569627,-107.6169922538,Williams Fork,Southern Rocky Mountains,2024.1,20.1,241.3,Shrub/Scrub,Shrubland,"Layoint-Moosed-Berlake complex, 1 to 20 percent slopes",Sandy Land,"Sandy, mixed Aridic Haploborolls",eolian deposits and residuum derived from sandstone,frigid,,7.0,1.5,7.5,83.1,9.4,7.5,19.1,1.1,10.6
clhs-Williams_Fork-3,cLHS site 3 — Williams Fork,clhs,Williams Fork,40.3657402282,-107.4475495479,Williams Fork,Southern Rocky Mountains,2175.5,40.8,136.3,Shrub/Scrub,Shrubland,"Goslin-Rock outcrop complex, 25 to 75 percent slopes",Loamy Breaks,"Coarse-loamy, mixed, superactive, calcareous, frigid Aridic Ustifluvents",colluvium and/or residuum weathered from sandstone and shale,frigid,Ustic,7.8,0.77,10.4,68.3,19.7,12.0,16.7,2.9,13.6
clhs-Williams_Fork-4,cLHS site 4 — Williams Fork,clhs,Williams Fork,40.389823164,-107.5419731393,Williams Fork,Southern Rocky Mountains,2251.0,9.7,13.9,Deciduous Forest,Deciduous Forest,"Foidel loam, cool, 3 to 25 percent slopes",Brushy Loam,"Fine-loamy, mixed Cryic Pachic Paleborolls",loess and residuum derived from fine grained sandstone and shale,cryic,,6.4,30.67,31.7,41.4,37.1,21.5,12.7,2.9,15.5
clhs-Williams_Fork-5,cLHS site 5 — Williams Fork,clhs,Williams Fork,40.3756316109,-107.4759991979,Williams Fork,Southern Rocky Mountains,2142.3,25.9,330.9,Deciduous Forest,Deciduous Forest,"Flygare loam, dry, 25 to 65 percent slopes",Brushy Loam,"Loamy-skeletal, mixed Cryic Pachic Paleborolls",colluvium derived from sandstone and shale,cryic,,6.8,19.8,24.0,39.8,37.7,22.5,15.1,0.2,14.1
kmeans-Dry_Creek-Yampa_River-1,K-Means site 1 — Dry Creek-Yampa River,kmeans,Dry Creek-Yampa River,40.5451732008,-107.4588734609,Dry Creek-Yampa River,Cool Central Desertic Basins and Plateaus,1970.2,7.7,196.8,Shrub/Scrub,Shrubland,"Styers-Pinelli-Taffom complex, 10 to 25 percent slopes",Dense Clay Foothills and Basins West (DC),"Fine, montmorillonitic, frigid Udorthentic Chromusterts",residuum derived from shale,frigid,Ustic,7.9,0.5,42.7,17.3,30.0,52.7,5.2,1.8,24.5
kmeans-Dry_Creek-Yampa_River-2,K-Means site 2 — Dry Creek-Yampa River,kmeans,Dry Creek-Yampa River,40.5098533815,-107.5893632411,Dry Creek-Yampa River,Cool Central Desertic Basins and Plateaus,1918.1,4.8,55.4,Shrub/Scrub,Shrubland,"Bulkley silty clay, 12 to 25 percent slopes",Clayey Foothills and Basins West (Cy),"Fine, montmorillonitic, frigid Udorthentic Chromusterts",residuum derived from shale,frigid,Ustic,7.9,0.75,33.3,10.5,41.2,48.3,0.0,0.3,29.0
kmeans-Dry_Creek-Yampa_River-3,K-Means site 3 — Dry Creek-Yampa River,kmeans,Dry Creek-Yampa River,40.5713362507,-107.612542847,Dry Creek-Yampa River,Cool Central Desertic Basins and Plateaus,2204.3,8.8,249.1,Shrub/Scrub,Shrubland,"Maudlin-Duffymont complex, 3 to 15 percent slopes, very stony",Mountain Loam,"Fine-loamy, mixed Typic Argiborolls",residuum derived from sandstone,frigid,,7.2,2.5,10.0,70.5,16.5,13.0,5.7,0.9,25.7
kmeans-Dry_Creek-Yampa_River-4,K-Means site 4 — Dry Creek-Yampa River,kmeans,Dry Creek-Yampa River,40.5650721088,-107.6196617791,Dry Creek-Yampa River,Cool Central Desertic Basins and Plateaus,2109.2,12.9,181.2,Shrub/Scrub,Shrubland,"Grieves-Crestman complex, 10 to 40 percent slopes",Sandy Slopes,"Coarse-loamy, mixed (calcareous), frigid Ustic Torriorthents",alluvium derived from sandstone,frigid,Aridic (torric),8.1,0.42,7.5,74.4,14.1,11.5,5.1,0.2,26.6
kmeans-Dry_Creek-Yampa_River-5,K-Means site 5 — Dry Creek-Yampa River,kmeans,Dry Creek-Yampa River,40.5735576551,-107.6222340182,Dry Creek-Yampa River,Cool Central Desertic Basins and Plateaus,2164.0,22.1,230.6,Evergreen Forest,Evergreen Forest,"Grieves-Crestman complex, 10 to 40 percent slopes",Sandy Slopes,"Coarse-loamy, mixed (calcareous), frigid Ustic Torriorthents",alluvium derived from sandstone,frigid,Aridic (torric),8.1,0.42,7.5,74.4,14.1,11.5,6.1,0.2,26.0
clhs-Dry_Creek-Yampa_River-1,cLHS site 1 — Dry Creek-Yampa River,clhs,Dry Creek-Yampa River,40.5680351514,-107.6181767393,Dry Creek-Yampa River,Cool Central Desertic Basins and Plateaus,2132.5,18.6,288.6,Evergreen Forest,Evergreen Forest,"Grieves-Crestman complex, 10 to 40 percent slopes",Sandy Slopes,"Coarse-loamy, mixed (calcareous), frigid Ustic Torriorthents",alluvium derived from sandstone,frigid,Aridic (torric),8.1,0.42,7.5,74.4,14.1,11.5,5.4,0.4,26.3
clhs-Dry_Creek-Yampa_River-2,cLHS site 2 — Dry Creek-Yampa River,clhs,Dry Creek-Yampa River,40.5545977629,-107.4633793516,Dry Creek-Yampa River,Cool Central Desertic Basins and Plateaus,2019.9,7.1,120.2,Shrub/Scrub,Shrubland,"Styers-Pinelli-Taffom complex, 10 to 25 percent slopes",Dense Clay Foothills and Basins West (DC),"Fine, montmorillonitic, frigid Udorthentic Chromusterts",residuum derived from shale,frigid,Ustic,7.9,0.5,42.7,17.3,30.0,52.7,5.7,2.8,23.5
clhs-Dry_Creek-Yampa_River-3,cLHS site 3 — Dry Creek-Yampa River,clhs,Dry Creek-Yampa River,40.57431368,-107.6104176047,Dry Creek-Yampa River,Cool Central Desertic Basins and Plateaus,2255.0,12.9,220.5,Shrub/Scrub,Shrubland,"Maudlin-Duffymont complex, 3 to 15 percent slopes, very stony",Mountain Loam,"Fine-loamy, mixed Typic Argiborolls",residuum derived from sandstone,frigid,,7.2,2.5,10.0,70.5,16.5,13.0,6.0,1.1,25.3
clhs-Dry_Creek-Yampa_River-4,cLHS site 4 — Dry Creek-Yampa River,clhs,Dry Creek-Yampa River,40.5581440294,-107.612989852,Dry Creek-Yampa River,Cool Central Desertic Basins and Plateaus,2042.1,5.5,203.7,Shrub/Scrub,Shrubland,"Berlake sandy loam, 3 to 12 percent slopes",Sandy Slopes,"Fine-loamy, mixed Aridic Argiborolls",alluvium and residuum derived from sandstone,frigid,,7.6,1.5,7.5,67.0,19.5,13.5,4.2,0.5,27.0
clhs-Dry_Creek-Yampa_River-5,cLHS site 5 — Dry Creek-Yampa River,clhs,Dry Creek-Yampa River,40.5649152366,-107.6158142683,Dry Creek-Yampa River,Cool Central Desertic Basins and Plateaus,2161.3,27.3,249.8,Evergreen Forest,Evergreen Forest,"Grieves-Crestman complex, 10 to 40 percent slopes",Sandy Slopes,"Coarse-loamy, mixed (calcareous), frigid Ustic Torriorthents",alluvium derived from sandstone,frigid,Aridic (torric),8.1,0.42,7.5,74.4,14.1,11.5,5.0,0.5,26.5
kmeans-Morgan_Gulch-Yampa_River-1,K-Means site 1 — Morgan Gulch-Yampa River,kmeans,Morgan Gulch-Yampa River,40.3751761816,-107.8057294978,Morgan Gulch-Yampa River,Cool Central Desertic Basins and Plateaus,1939.4,5.5,286.4,Shrub/Scrub,Shrubland,"Kemmerer-Moyerson complex, 20 to 40 percent slopes",Clayey Slopes,"Fine, montmorillonitic Borollic Camborthids",residuum derived from shale,frigid,Aridic (torric),8.2,0.52,31.0,22.0,37.0,41.0,23.1,1.5,25.7
kmeans-Morgan_Gulch-Yampa_River-2,K-Means site 2 — Morgan Gulch-Yampa River,kmeans,Morgan Gulch-Yampa River,40.3926215211,-107.9000049055,Morgan Gulch-Yampa River,Cool Central Desertic Basins and Plateaus,1919.5,5.0,88.8,Shrub/Scrub,Shrubland,"Kemmerer-Moyerson complex, 20 to 40 percent slopes",Clayey Slopes,"Fine, montmorillonitic Borollic Camborthids",residuum derived from shale,frigid,Aridic (torric),8.2,0.52,31.0,22.0,37.0,41.0,20.2,0.2,33.5
kmeans-Morgan_Gulch-Yampa_River-3,K-Means site 3 — Morgan Gulch-Yampa River,kmeans,Morgan Gulch-Yampa River,40.2455593098,-107.9810074109,Morgan Gulch-Yampa River,Southern Rocky Mountains,2286.0,12.6,168.1,Shrub/Scrub,Shrubland,"Lamphier-Jerry complex, 25 to 65 percent slopes",Brushy Loam,"Fine-loamy, mixed Pachic Cryoborolls",colluvium and residuum derived from sandstone,cryic,Udic,6.6,30.0,30.0,68.1,14.4,17.5,30.9,5.1,36.5
kmeans-Morgan_Gulch-Yampa_River-4,K-Means site 4 — Morgan Gulch-Yampa River,kmeans,Morgan Gulch-Yampa River,40.3961645616,-107.7756285213,Morgan Gulch-Yampa River,Southern Rocky Mountains,2017.9,9.5,72.2,Shrub/Scrub,Shrubland,"Torriorthents-Rock outcrop, sandstone complex, 25 to 75 percent slopes",Loamy Breaks,"Coarse-loamy, mixed, superactive, calcareous, frigid Ustic Torriorthents",colluvium derived from sandstone and/or residuum weathered from sandstone,frigid,Aridic (torric),7.8,0.77,10.0,68.3,19.7,12.0,19.7,4.4,25.0
kmeans-Morgan_Gulch-Yampa_River-5,K-Means site 5 — Morgan Gulch-Yampa River,kmeans,Morgan Gulch-Yampa River,40.4371878836,-107.8054321666,Morgan Gulch-Yampa River,Cool Central Desertic Basins and Plateaus,1961.5,20.0,219.4,Shrub/Scrub,Shrubland,"Torriorthents-Rock outcrop, sandstone complex, 25 to 75 percent slopes",Loamy Breaks,"Coarse-loamy, mixed, superactive, calcareous, frigid Ustic Torriorthents",colluvium derived from sandstone and/or residuum weathered from sandstone,frigid,Aridic (torric),7.8,0.77,10.0,68.3,19.7,12.0,19.4,4.7,29.9
clhs-Morgan_Gulch-Yampa_River-1,cLHS site 1 — Morgan Gulch-Yampa River,clhs,Morgan Gulch-Yampa River,40.3046857769,-107.8630753329,Morgan Gulch-Yampa River,Southern Rocky Mountains,2183.2,2.1,316.1,Shrub/Scrub,Shrubland,"Kemmerer-Moyerson complex, 20 to 40 percent slopes",Clayey Slopes,"Fine, montmorillonitic Borollic Camborthids",residuum derived from shale,frigid,Aridic (torric),8.2,0.52,31.0,22.0,37.0,41.0,29.5,1.4,27.1
clhs-Morgan_Gulch-Yampa_River-2,cLHS site 2 — Morgan Gulch-Yampa River,clhs,Morgan Gulch-Yampa River,40.4236044904,-107.7917704576,Morgan Gulch-Yampa River,Southern Rocky Mountains,2008.7,19.7,277.9,Evergreen Forest,Evergreen Forest,"Torriorthents-Rock outcrop, sandstone complex, 25 to 75 percent slopes",Loamy Breaks,"Coarse-loamy, mixed, superactive, calcareous, frigid Ustic Torriorthents",colluvium derived from sandstone and/or residuum weathered from sandstone,frigid,Aridic (torric),7.8,0.77,10.0,68.3,19.7,12.0,19.1,4.8,28.0
clhs-Morgan_Gulch-Yampa_River-3,cLHS site 3 — Morgan Gulch-Yampa River,clhs,Morgan Gulch-Yampa River,40.3801733763,-107.8110446317,Morgan Gulch-Yampa River,Cool Central Desertic Basins and Plateaus,1947.1,10.0,227.6,Shrub/Scrub,Shrubland,"Forelle loam, 3 to 12 percent slopes",Rolling Loam,"Fine-loamy, mixed Borollic Haplargids",loess and in alluvium derived from shale and sandstone,frigid,Aridic (torric),7.6,0.68,12.8,40.5,37.3,22.2,23.1,1.2,26.3
clhs-Morgan_Gulch-Yampa_River-4,cLHS site 4 — Morgan Gulch-Yampa River,clhs,Morgan Gulch-Yampa River,40.3876293817,-107.8554132229,Morgan Gulch-Yampa River,Cool Central Desertic Basins and Plateaus,1884.5,4.7,120.3,Shrub/Scrub,Shrubland,"Pinelli loam, 3 to 12 percent slopes",Clayey Foothills and Basins West (Cy),"Fine, montmorillonitic Borollic Haplargids",alluvium derived from shale and in loess,frigid,Aridic (torric),7.2,1.25,12.5,42.7,38.3,19.0,23.5,0.4,30.0
clhs-Morgan_Gulch-Yampa_River-5,cLHS site 5 — Morgan Gulch-Yampa River,clhs,Morgan Gulch-Yampa River,40.4553737803,-107.7598488598,Morgan Gulch-Yampa River,Cool Central Desertic Basins and Plateaus,1916.7,7.0,31.3,Shrub/Scrub,Shrubland,"Forelle loam, 12 to 25 percent slopes",Rolling Loam,"Fine-loamy, mixed Borollic Haplargids",loess,frigid,Aridic (torric),7.5,0.68,12.8,40.5,37.3,22.2,15.0,1.9,28.8
kmeans-Lay_Creek-1,K-Means site 1 — Lay Creek,kmeans,Lay Creek,40.5429700437,-107.8911245475,Lay Creek,Cool Central Desertic Basins and Plateaus,1967.2,5.3,241.7,Shrub/Scrub,Shrubland,"Coyet-Crestman, moist complex, 20 to 50 percent slopes",Sandy Slopes,"Mixed, frigid Ustic Torripsamments",alluvium and residuum derived from sandstone,frigid,Aridic (torric),7.9,0.52,5.1,82.5,9.0,8.5,16.0,1.0,43.4
kmeans-Lay_Creek-2,K-Means site 2 — Lay Creek,kmeans,Lay Creek,40.6881304817,-107.8650036814,Lay Creek,Cool Central Desertic Basins and Plateaus,2121.7,4.9,276.9,Shrub/Scrub,Shrubland,"Forelle loam, 3 to 12 percent slopes",Rolling Loam,"Fine-loamy, mixed Borollic Haplargids",loess and in alluvium derived from shale and sandstone,frigid,Aridic (torric),7.6,0.68,12.8,40.5,37.3,22.2,26.1,0.9,36.3
kmeans-Lay_Creek-3,K-Means site 3 — Lay Creek,kmeans,Lay Creek,40.7080724355,-107.8581598522,Lay Creek,Cool Central Desertic Basins and Plateaus,2133.3,5.3,123.9,Shrub/Scrub,Shrubland,"Berlake-Maysprings complex, 3 to 12 percent slopes",Sandy Slopes,"Fine-loamy, mixed Aridic Argiborolls",alluvium and residuum derived from sandstone,frigid,,7.6,1.5,7.5,67.4,19.1,13.5,28.1,1.1,35.3
kmeans-Lay_Creek-4,K-Means site 4 — Lay Creek,kmeans,Lay Creek,40.6135632508,-107.8989727428,Lay Creek,Cool Central Desertic Basins and Plateaus,2011.3,5.5,92.4,Shrub/Scrub,Shrubland,"Maysprings coarse sandy loam, 3 to 12 percent slopes",Rolling Loam,"Fine-loamy, mixed Borollic Haplargids",alluvium and residuum derived from sanstone,frigid,Aridic (torric),7.2,1.5,7.5,68.3,19.2,12.5,18.5,3.6,41.7
kmeans-Lay_Creek-5,K-Means site 5 — Lay Creek,kmeans,Lay Creek,40.5670345682,-107.8854383006,Lay Creek,Cool Central Desertic Basins and Plateaus,1998.3,12.8,167.7,Shrub/Scrub,Shrubland,"Coyet-Crestman, moist complex, 20 to 50 percent slopes",Sandy Slopes,"Mixed, frigid Ustic Torripsamments",alluvium and residuum derived from sandstone,frigid,Aridic (torric),7.9,0.52,5.1,82.5,9.0,8.5,17.1,0.8,43.1
clhs-Lay_Creek-1,cLHS site 1 — Lay Creek,clhs,Lay Creek,40.7170829811,-107.6968426433,Lay Creek,Cool Central Desertic Basins and Plateaus,2189.0,4.4,192.8,Shrub/Scrub,Shrubland,"Berlake-Taffom-Gretdivid complex, 10 to 20 percent slopes",Rolling Loam,"Fine-loamy, mixed Aridic Argiborolls",colluvium and residuum derived from sandstone,frigid,,7.0,2.5,12.5,66.3,18.7,15.0,23.2,0.4,21.7
clhs-Lay_Creek-2,cLHS site 2 — Lay Creek,clhs,Lay Creek,40.6911520018,-107.8612846721,Lay Creek,Cool Central Desertic Basins and Plateaus,2103.4,6.7,57.3,Shrub/Scrub,Shrubland,"Forelle loam, 3 to 12 percent slopes",Rolling Loam,"Fine-loamy, mixed Borollic Haplargids",loess and in alluvium derived from shale and sandstone,frigid,Aridic (torric),7.6,0.68,12.8,40.5,37.3,22.2,26.6,1.4,35.9
clhs-Lay_Creek-3,cLHS site 3 — Lay Creek,clhs,Lay Creek,40.611864499,-107.8495684821,Lay Creek,Cool Central Desertic Basins and Plateaus,2013.6,5.4,226.1,Shrub/Scrub,Shrubland,"Grieves loamy fine sand, 1 to 12 percent slopes",Sandy Slopes,"Coarse-loamy, mixed (calcareous), frigid Ustic Torriorthents",alluvium derived from sandstone,frigid,Aridic (torric),8.1,0.42,7.5,74.4,14.1,11.5,21.9,0.3,38.0
clhs-Lay_Creek-4,cLHS site 4 — Lay Creek,clhs,Lay Creek,40.6031136826,-107.6640672778,Lay Creek,Cool Central Desertic Basins and Plateaus,2046.1,2.2,155.2,Shrub/Scrub,Shrubland,"Berlake sandy loam, 3 to 12 percent slopes",Sandy Slopes,"Fine-loamy, mixed Aridic Argiborolls",alluvium and residuum derived from sandstone,frigid,,7.6,1.5,7.5,67.0,19.5,13.5,10.6,0.5,25.7
clhs-Lay_Creek-5,cLHS site 5 — Lay Creek,clhs,Lay Creek,40.5129708222,-107.9384526488,Lay Creek,Cool Central Desertic Basins and Plateaus,1945.3,8.7,352.8,Evergreen Forest,Evergreen Forest,"Cushool fine sandy loam, 3 to 12 percent slopes",Rolling Loam,"Fine-loamy, mixed Borollic Haplargids",residuum derived from sandstone,frigid,Aridic (torric),7.6,1.4,10.7,67.7,16.5,15.8,11.7,0.4,43.9
kmeans-Spring_Creek-Yampa_River-1,K-Means site 1 — Spring Creek-Yampa River,kmeans,Spring Creek-Yampa River,40.4529094907,-108.3173867399,Spring Creek-Yampa River,Cool Central Desertic Basins and Plateaus,1885.7,3.9,93.7,Shrub/Scrub,Shrubland,"Ryan Park-Coyet complex, 5 to 25 percent slopes",Sandy Slopes,"Coarse-loamy, mixed Borollic Haplargids",residuum derived from sandstone,frigid,Aridic (torric),7.6,1.4,7.8,81.3,10.4,8.4,20.0,0.1,68.8
kmeans-Spring_Creek-Yampa_River-2,K-Means site 2 — Spring Creek-Yampa River,kmeans,Spring Creek-Yampa River,40.4598585145,-108.3388213747,Spring Creek-Yampa River,Cool Central Desertic Basins and Plateaus,1932.6,13.5,104.2,Shrub/Scrub,Evergreen Forest,"Grieves-Crestman complex, 10 to 40 percent slopes",Sandy Slopes,"Coarse-loamy, mixed (calcareous), frigid Ustic Torriorthents",alluvium derived from sandstone,frigid,Aridic (torric),8.1,0.42,7.5,74.4,14.1,11.5,21.5,1.8,70.8
kmeans-Spring_Creek-Yampa_River-3,K-Means site 3 — Spring Creek-Yampa River,kmeans,Spring Creek-Yampa River,40.4550575896,-108.3612721305,Spring Creek-Yampa River,Cool Central Desertic Basins and Plateaus,1976.1,9.8,270.2,Evergreen Forest,Evergreen Forest,"Grieves-Crestman complex, 10 to 40 percent slopes",Sandy Slopes,"Coarse-loamy, mixed (calcareous), frigid Ustic Torriorthents",alluvium derived from sandstone,frigid,Aridic (torric),8.1,0.42,7.5,74.4,14.1,11.5,23.5,1.7,72.4
kmeans-Spring_Creek-Yampa_River-4,K-Means site 4 — Spring Creek-Yampa River,kmeans,Spring Creek-Yampa River,40.6951987965,-107.9525447733,Spring Creek-Yampa River,Cool Central Desertic Basins and Plateaus,2081.9,7.0,169.7,Shrub/Scrub,Shrubland,"Ironsprings-Maysprings-Gretdivid complex, 10 to 20 percent slopes",Sandy Land,"Coarse-loamy, mixed Aridic Argiborolls",colluvium derived from sandstone,frigid,,7.0,1.5,7.5,81.9,10.6,7.5,22.1,0.7,43.4
kmeans-Spring_Creek-Yampa_River-5,K-Means site 5 — Spring Creek-Yampa River,kmeans,Spring Creek-Yampa River,40.4849965469,-108.2793244417,Spring Creek-Yampa River,Cool Central Desertic Basins and Plateaus,1892.5,5.5,288.3,Shrub/Scrub,Shrubland,"Ryan Park-Coyet complex, 5 to 25 percent slopes",Sandy Slopes,"Coarse-loamy, mixed Borollic Haplargids",residuum derived from sandstone,frigid,Aridic (torric),7.6,1.4,7.8,81.3,10.4,8.4,15.9,0.1,67.1
clhs-Spring_Creek-Yampa_River-1,cLHS site 1 — Spring Creek-Yampa River,clhs,Spring Creek-Yampa River,40.4204444944,-108.2487161932,Spring Creek-Yampa River,Cool Central Desertic Basins and Plateaus,1957.2,5.7,291.1,Shrub/Scrub,Shrubland,"Grieves-Crestman complex, 10 to 40 percent slopes",Sandy Slopes,"Coarse-loamy, mixed (calcareous), frigid Ustic Torriorthents",alluvium derived from sandstone,frigid,Aridic (torric),8.1,0.42,7.5,74.4,14.1,11.5,16.7,0.8,62.2
clhs-Spring_Creek-Yampa_River-2,cLHS site 2 — Spring Creek-Yampa River,clhs,Spring Creek-Yampa River,40.4204951782,-108.4243860063,Spring Creek-Yampa River,Warm Central Desertic Basins and Plateaus,1982.6,4.4,43.0,Evergreen Forest,Evergreen Forest,"Grieves-Crestman complex, 10 to 40 percent slopes",Sandy Slopes,"Coarse-loamy, mixed (calcareous), frigid Ustic Torriorthents",alluvium derived from sandstone,frigid,Aridic (torric),8.1,0.42,7.5,74.4,14.1,11.5,29.8,3.3,76.5
clhs-Spring_Creek-Yampa_River-3,cLHS site 3 — Spring Creek-Yampa River,clhs,Spring Creek-Yampa River,40.5221416104,-108.3374348519,Spring Creek-Yampa River,Cool Central Desertic Basins and Plateaus,1855.6,3.3,171.2,Shrub/Scrub,Shrubland,"Rock River sandy loam, 12 to 25 percent slopes",Rolling Loam,"Fine-loamy, mixed Borollic Haplargids",residuum derived from sandstone,frigid,Aridic (torric),7.2,1.15,12.5,61.7,18.6,19.7,20.5,0.5,73.2
clhs-Spring_Creek-Yampa_River-4,cLHS site 4 — Spring Creek-Yampa River,clhs,Spring Creek-Yampa River,40.4793532868,-108.2458029307,Spring Creek-Yampa River,Cool Central Desertic Basins and Plateaus,1904.0,1.9,335.2,Shrub/Scrub,Shrubland,"Rock River sandy loam, 3 to 12 percent slopes",Rolling Loam,"Fine-loamy, mixed Borollic Haplargids",eolian deposits and residuum derived from sandstone,frigid,Aridic (torric),7.2,1.15,12.5,61.7,18.6,19.7,13.3,1.1,64.2
clhs-Spring_Creek-Yampa_River-5,cLHS site 5 — Spring Creek-Yampa River,clhs,Spring Creek-Yampa River,40.5259910017,-108.2883616062,Spring Creek-Yampa River,Cool Central Desertic Basins and Plateaus,1834.4,12.0,98.4,Shrub/Scrub,Shrubland,"Coyet-Crestman, moist complex, 20 to 50 percent slopes",Sandy Slopes,"Mixed, frigid Ustic Torripsamments",alluvium and residuum derived from sandstone,frigid,Aridic (torric),7.9,0.52,5.1,82.5,9.0,8.5,16.3,2.0,69.6
kmeans-Deception_Creek-Yampa_River-1,K-Means site 1 — Deception Creek-Yampa River,kmeans,Deception Creek-Yampa River,40.4200128963,-108.0864394506,Deception Creek-Yampa River,Cool Central Desertic Basins and Plateaus,1921.8,6.0,98.3,Shrub/Scrub,Shrubland,"Rock River sandy loam, 3 to 12 percent slopes",Rolling Loam,"Fine-loamy, mixed Borollic Haplargids",eolian deposits and residuum derived from sandstone,frigid,Aridic (torric),7.2,1.15,12.5,61.7,18.6,19.7,10.5,0.4,49.2
kmeans-Deception_Creek-Yampa_River-2,K-Means site 2 — Deception Creek-Yampa River,kmeans,Deception Creek-Yampa River,40.3208898743,-107.9753907872,Deception Creek-Yampa River,Southern Rocky Mountains,2268.4,19.1,88.2,Shrub/Scrub,Shrubland,"Torriorthents-Rock outcrop, sandstone complex, 25 to 75 percent slopes",Loamy Breaks,"Coarse-loamy, mixed, superactive, calcareous, frigid Ustic Torriorthents",colluvium derived from sandstone and/or residuum weathered from sandstone,frigid,Aridic (torric),7.8,0.77,10.0,68.3,19.7,12.0,23.2,2.3,36.9
kmeans-Deception_Creek-Yampa_River-3,K-Means site 3 — Deception Creek-Yampa River,kmeans,Deception Creek-Yampa River,40.3371973929,-108.070536479,Deception Creek-Yampa River,Southern Rocky Mountains,2296.6,19.7,284.2,Shrub/Scrub,Shrubland,"Torriorthents-Rock outcrop, sandstone complex, 25 to 75 percent slopes",Loamy Breaks,"Coarse-loamy, mixed, superactive, calcareous, frigid Ustic Torriorthents",colluvium derived from sandstone and/or residuum weathered from sandstone,frigid,Aridic (torric),7.8,0.77,10.0,68.3,19.7,12.0,19.7,5.0,45.1
kmeans-Deception_Creek-Yampa_River-4,K-Means site 4 — Deception Creek-Yampa River,kmeans,Deception Creek-Yampa River,40.4548180936,-108.053519258,Deception Creek-Yampa River,Cool Central Desertic Basins and Plateaus,1996.1,14.5,207.8,Evergreen Forest,Evergreen Forest,"Grieves-Crestman complex, 10 to 40 percent slopes",Sandy Slopes,"Coarse-loamy, mixed (calcareous), frigid Ustic Torriorthents",alluvium derived from sandstone,frigid,Aridic (torric),8.1,0.42,7.5,74.4,14.1,11.5,6.9,1.5,48.3
kmeans-Deception_Creek-Yampa_River-5,K-Means site 5 — Deception Creek-Yampa River,kmeans,Deception Creek-Yampa River,40.4755848021,-107.9013365838,Deception Creek-Yampa River,Cool Central Desertic Basins and Plateaus,1917.4,5.8,289.9,Shrub/Scrub,Shrubland,"Rock River sandy loam, 3 to 12 percent slopes",Rolling Loam,"Fine-loamy, mixed Borollic Haplargids",eolian deposits and residuum derived from sandstone,frigid,Aridic (torric),7.2,1.15,12.5,61.7,18.6,19.7,15.5,0.3,38.8
clhs-Deception_Creek-Yampa_River-1,cLHS site 1 — Deception Creek-Yampa River,clhs,Deception Creek-Yampa River,40.4561880602,-108.0570967017,Deception Creek-Yampa River,Cool Central Desertic Basins and Plateaus,1981.9,12.2,330.5,Evergreen Forest,Evergreen Forest,"Grieves-Crestman complex, 10 to 40 percent slopes",Sandy Slopes,"Coarse-loamy, mixed (calcareous), frigid Ustic Torriorthents",alluvium derived from sandstone,frigid,Aridic (torric),8.1,0.42,7.5,74.4,14.1,11.5,6.7,1.2,48.6
clhs-Deception_Creek-Yampa_River-2,cLHS site 2 — Deception Creek-Yampa River,clhs,Deception Creek-Yampa River,40.3017909166,-107.9965526925,Deception Creek-Yampa River,Southern Rocky Mountains,2280.2,11.1,276.3,Deciduous Forest,Shrubland,"Torriorthents-Rock outcrop, sandstone complex, 25 to 75 percent slopes",Loamy Breaks,"Coarse-loamy, mixed, superactive, calcareous, frigid Ustic Torriorthents",colluvium derived from sandstone and/or residuum weathered from sandstone,frigid,Aridic (torric),7.8,0.77,10.0,68.3,19.7,12.0,24.6,4.8,38.2
clhs-Deception_Creek-Yampa_River-3,cLHS site 3 — Deception Creek-Yampa River,clhs,Deception Creek-Yampa River,40.4183922805,-108.1013769984,Deception Creek-Yampa River,Cool Central Desertic Basins and Plateaus,1885.4,1.6,32.5,Shrub/Scrub,Shrubland,"Battlement fine sandy loam, 0 to 3 percent slopes",Foothill Swale,"Fine-loamy, mixed (calcareous), frigid Ustic Torrifluvents",alluvium from mixed sources,frigid,Aridic (torric),8.1,0.75,13.5,68.0,16.0,20.2,10.7,1.2,50.3
clhs-Deception_Creek-Yampa_River-4,cLHS site 4 — Deception Creek-Yampa River,clhs,Deception Creek-Yampa River,40.3494961057,-108.0761998521,Deception Creek-Yampa River,Southern Rocky Mountains,2237.0,29.2,94.4,Shrub/Scrub,Shrubland,"Torriorthents-Rock outcrop, sandstone complex, 25 to 75 percent slopes",Loamy Breaks,"Coarse-loamy, mixed, superactive, calcareous, frigid Ustic Torriorthents",colluvium derived from sandstone and/or residuum weathered from sandstone,frigid,Aridic (torric),7.8,0.77,10.0,68.3,19.7,12.0,18.3,4.1,45.9
clhs-Deception_Creek-Yampa_River-5,cLHS site 5 — Deception Creek-Yampa River,clhs,Deception Creek-Yampa River,40.4811691065,-107.9025363075,Deception Creek-Yampa River,Cool Central Desertic Basins and Plateaus,1918.2,5.1,242.4,Shrub/Scrub,Shrubland,"Rock River sandy loam, 12 to 25 percent slopes",Rolling Loam,"Fine-loamy, mixed Borollic Haplargids",residuum derived from sandstone,frigid,Aridic (torric),7.2,1.15,12.5,61.7,18.6,19.7,15.2,0.1,39.3
